"POST_TITLE","POST_DATE","POST_LINK","FIRE_DATE","FIRE_TIME","FIRE_TYPE","FIRE_ADDRESS","FIRE_DETAILS"
"","","","","","","",""
"","","","","","","",""
"","","","","","","",""
"","","","","","","",""
"","","","","","","",""
"","","","","","","",""
"","","","","","","",""
"","","","","","","",""
"","","","","","","",""
"","","","","","","",""
"","","","","","","",""
"","","","","","","",""
"","","","","","","",""
"","","","","","","",""
"","","","","","","",""
"","","","","","","",""
"","","","","","","",""
"","","","","","","",""
"","","","","","","",""
"","","","","","","",""
"","","","","","","",""
"","","","","","","",""
"","","","","","","",""
"","","","","","","",""
"","","","","","","",""
"","","","","","","",""
"","","","","","","",""
"","","","","","","",""
"","","","","","","",""
"","","","","","","",""
"","","","","","","",""
"","","","","","","",""
"","","","","","","",""
"","","","","","","",""
"","","","","","","",""
"","","","","","","",""
"","","","","","","",""
"","","","","","","",""
"","","","","","","",""
"","","","","","","",""
"","","","","","","",""
"","","","","","","",""
"","","","","","","",""
"","","","","","","",""
"","","","","","","",""
"","","","","","","",""
"","","","","","","",""
"","","","","","","",""
"","","","","","","",""
"","","","","","","",""
"","","","","","","",""
"","","","","","","",""
"","","","","","","",""
"","","","","","","",""
"","","","","","","",""
"","","","","","","",""
"","","","","","","",""
"","","","","","","",""
"","","","","","","",""
"","","","","","","",""
"","","","","","","",""
"","","","","","","",""
"","","","","","","",""
"","","","","","","",""
"","","","","","","",""
"","","","","","","",""
"","","","","","","",""
"","","","","","","",""
"","","","","","","",""
"","","","","","","",""
"","","","","","","",""
"","","","","","","",""
"","","","","","","",""
"","","","","","","",""
"","","","","","","",""
"","","","","","","",""
"","","","","","","",""
"","","","","","","",""
"","","","","","","",""
"","","","","","","",""
"","","","","","","",""
"","","","","","","",""
"","","","","","","",""
"","","","","","","",""
"","","","","","","",""
"","","","","","","",""
"","","","","","","",""
"","","","","","","",""
"","","","","","","",""
"","","","","","","",""
"","","","","","","",""
"","","","","","","",""
"","","","","","","",""
"","","","","","","",""
"","","","","","","",""
"","","","","","","",""
"","","","","","","",""
"","","","","","","",""
"","","","","","","",""
"","","","","","","",""
"","","","","","","",""
"","","","","","","",""
"","","","","","","",""
"","","","","","","",""
"","","","","","","",""
"","","","","","","",""
"","","","","","","",""
"","","","","","","",""
"","","","","","","",""
"","","","","","","",""
"","","","","","","",""
"","","","","","","",""
"","","","","","","",""
"","","","","","","",""
"","","","","","","",""
"","","","","","","",""
"","","","","","","",""
"","","","","","","",""
"","","","","","","",""
"","","","","","","",""
"","","","","","","",""
"","","","","","","",""
"","","","","","","",""
"","","","","","","",""
"","","","","","","",""
"","","","","","","",""
"","","","","","","",""
"","","","","","","",""
"","","","","","","",""
"","","","","","","",""
"","","","","","","",""
"","","","","","","",""
"","","","","","","",""
"","","","","","","",""
"","","","","","","",""
"","","","","","","",""
"","","","","","","",""
"","","","","","","",""
"","","","","","","",""
"","","","","","","",""
"","","","","","","",""
"","","","","","","",""
"","","","","","","",""
"","","","","","","",""
"","","","","","","",""
"","","","","","","",""
"","","","","","","",""
"","","","","","","",""
"","","","","","","",""
"","","","","","","",""
"","","","","","","",""
"","","","","","","",""
"","","","","","","",""
"","","","","","","",""
"","","","","","","",""
"","","","","","","",""
"","","","","","","",""
"","","","","","","",""
"","","","","","","",""
"","","","","","","",""
"","","","","","","",""
"","","","","","","",""
"","","","","","","",""
"","","","","","","",""
"","","","","","","",""
"","","","","","","",""
"","","","","","","",""
"","","","","","","",""
"","","","","","","",""
"","","","","","","",""
"","","","","","","",""
"","","","","","","",""
"","","","","","","",""
"","","","","","","",""
"","","","","","","",""
"","","","","","","",""
"","","","","","","",""
"","","","","","","",""
"","","","","","","",""
"","","","","","","",""
"","","","","","","",""
"","","","","","","",""
"","","","","","","",""
"","","","","","","",""
"","","","","","","",""
"","","","","","","",""
"","","","","","","",""
"","","","","","","",""
"","","","","","","",""
"","","","","","","",""
"","","","","","","",""
"","","","","","","",""
"","","","","","","",""
"","","","","","","",""
"","","","","","","",""
"","","","","","","",""
"","","","","","","",""
"","","","","","","",""
"","","","","","","",""
"","","","","","","",""
"","","","","","","",""
"","","","","","","",""
"","","","","","","",""
"","","","","","","",""
"","","","","","","",""
"","","","","","","",""
"","","","","","","",""
"","","","","","","",""
"","","","","","","",""
"","","","","","","",""
"","","","","","","",""
"","","","","","","",""
"","","","","","","",""
"","","","","","","",""
"","","","","","","",""
"","","","","","","",""
"","","","","","","",""
"","","","","","","",""
"","","","","","","",""
"","","","","","","",""
"","","","","","","",""
"","","","","","","",""
"","","","","","","",""
"","","","","","","",""
"","","","","","","",""
"","","","","","","",""
"","","","","","","",""
"","","","","","","",""
"","","","","","","",""
"","","","","","","",""
"","","","","","","",""
"","","","","","","",""
"","","","","","","",""
"","","","","","","",""
"","","","","","","",""
"","","","","","","",""
"","","","","","","",""
"","","","","","","",""
"","","","","","","",""
"","","","","","","",""
"","","","","","","",""
"","","","","","","",""
"","","","","","","",""
"","","","","","","",""
"","","","","","","",""
"","","","","","","",""
"","","","","","","",""
"","","","","","","",""
"","","","","","","",""
"","","","","","","",""
"","","","","","","",""
"","","","","","","",""
"","","","","","","",""
"","","","","","","",""
"","","","","","","",""
"","","","","","","",""
"","","","","","","",""
"","","","","","","",""
"","","","","","","",""
"","","","","","","",""
"","","","","","","",""
"","","","","","","",""
"","","","","","","",""
"","","","","","","",""
"","","","","","","",""
"","","","","","","",""
"","","","","","","",""
"","","","","","","",""
"","","","","","","",""
"","","","","","","",""
"","","","","","","",""
"","","","","","","",""
"","","","","","","",""
"","","","","","","",""
"","","","","","","",""
"","","","","","","",""
"","","","","","","",""
"","","","","","","",""
"","","","","","","",""
"","","","","","","",""
"","","","","","","",""
"","","","","","","",""
"","","","","","","",""
"","","","","","","",""
"","","","","","","",""
"","","","","","","",""
"","","","","","","",""
"","","","","","","",""
"","","","","","","",""
"","","","","","","",""
"","","","","","","",""
"","","","","","","",""
"","","","","","","",""
"","","","","","","",""
"","","","","","","",""
"","","","","","","",""
"","","","","","","",""
"","","","","","","",""
"","","","","","","",""
"","","","","","","",""
"","","","","","","",""
"","","","","","","",""
"","","","","","","",""
"","","","","","","",""
"","","","","","","",""
"","","","","","","",""
"","","","","","","",""
"","","","","","","",""
"","","","","","","",""
"","","","","","","",""
"","","","","","","",""
"","","","","","","",""
"","","","","","","",""
"","","","","","","",""
"","","","","","","",""
"","","","","","","",""
"","","","","","","",""
"","","","","","","",""
"","","","","","","",""
"","","","","","","",""
"","","","","","","",""
"","","","","","","",""
"","","","","","","",""
"","","","","","","",""
"","","","","","","",""
"","","","","","","",""
"","","","","","","",""
"","","","","","","",""
"","","","","","","",""
"","","","","","","",""
"","","","","","","",""
"","","","","","","",""
"","","","","","","",""
"","","","","","","",""
"","","","","","","",""
"","","","","","","",""
"","","","","","","",""
"","","","","","","",""
"","","","","","","",""
"","","","","","","",""
"","","","","","","",""
"","","","","","","",""
"","","","","","","",""
"","","","","","","",""
"","","","","","","",""
"","","","","","","",""
"","","","","","","",""
"","","","","","","",""
"","","","","","","",""
"","","","","","","",""
"","","","","","","",""
"","","","","","","",""
"","","","","","","",""
"","","","","","","",""
"","","","","","","",""
"","","","","","","",""
"","","","","","","",""
"","","","","","","",""
"","","","","","","",""
"","","","","","","",""
"","","","","","","",""
"","","","","","","",""
"","","","","","","",""
"","","","","","","",""
"","","","","","","",""
"","","","","","","",""
"","","","","","","",""
"","","","","","","",""
"","","","","","","",""
"","","","","","","",""
"","","","","","","",""
"","","","","","","",""
"","","","","","","",""
"","","","","","","",""
"","","","","","","",""
"","","","","","","",""
"","","","","","","",""
"","","","","","","",""
"","","","","","","",""
"","","","","","","",""
"","","","","","","",""
"","","","","","","",""
"","","","","","","",""
"","","","","","","",""
"","","","","","","",""
"","","","","","","",""
"","","","","","","",""
"","","","","","","",""
"","","","","","","",""
"","","","","","","",""
"","","","","","","",""
"","","","","","","",""
"","","","","","","",""
"","","","","","","",""
"","","","","","","",""
"","","","","","","",""
"","","","","","","",""
"","","","","","","",""
"","","","","","","",""
"","","","","","","",""
"","","","","","","",""
"","","","","","","",""
"","","","","","","",""
"","","","","","","",""
"","","","","","","",""
"","","","","","","",""
"","","","","","","",""
"","","","","","","",""
"","","","","","","",""
"","","","","","","",""
"","","","","","","",""
"","","","","","","",""
"","","","","","","",""
"","","","","","","",""
"","","","","","","",""
"","","","","","","",""
"","","","","","","",""
"","","","","","","",""
"","","","","","","",""
"","","","","","","",""
"","","","","","","",""
"","","","","","","",""
"","","","","","","",""
"","","","","","","",""
"","","","","","","",""
"","","","","","","",""
"","","","","","","",""
"","","","","","","",""
"","","","","","","",""
"","","","","","","",""
"","","","","","","",""
"","","","","","","",""
"","","","","","","",""
"","","","","","","",""
"","","","","","","",""
"","","","","","","",""
"","","","","","","",""
"","","","","","","",""
"","","","","","","",""
"","","","","","","",""
"","","","","","","",""
"","","","","","","",""
"","","","","","","",""
"","","","","","","",""
"","","","","","","",""
"","","","","","","",""
"","","","","","","",""
"","","","","","","",""
"","","","","","","",""
"","","","","","","",""
"","","","","","","",""
"","","","","","","",""
"","","","","","","",""
"","","","","","","",""
"","","","","","","",""
"","","","","","","",""
"","","","","","","",""
"","","","","","","",""
"","","","","","","",""
"","","","","","","",""
"","","","","","","",""
"","","","","","","",""
"","","","","","","",""
"","","","","","","",""
"","","","","","","",""
"","","","","","","",""
"","","","","","","",""
"","","","","","","",""
"","","","","","","",""
"","","","","","","",""
"","","","","","","",""
"","","","","","","",""
"","","","","","","",""
"","","","","","","",""
"","","","","","","",""
"","","","","","","",""
"","","","","","","",""
"","","","","","","",""
"","","","","","","",""
"","","","","","","",""
"","","","","","","",""
"","","","","","","",""
"","","","","","","",""
"","","","","","","",""
"","","","","","","",""
"","","","","","","",""
"","","","","","","",""
"","","","","","","",""
"","","","","","","",""
"","","","","","","",""
"","","","","","","",""
"","","","","","","",""
"","","","","","","",""
"","","","","","","",""
"","","","","","","",""
"","","","","","","",""
"","","","","","","",""
"","","","","","","",""
"","","","","","","",""
"","","","","","","",""
"","","","","","","",""
"","","","","","","",""
"","","","","","","",""
"","","","","","","",""
"","","","","","","",""
"","","","","","","",""
"","","","","","","",""
"","","","","","","",""
"","","","","","","",""
"","","","","","","",""
"","","","","","","",""
"","","","","","","",""
"","","","","","","",""
"","","","","","","",""
"","","","","","","",""
"","","","","","","",""
"","","","","","","",""
"","","","","","","",""
"","","","","","","",""
"","","","","","","",""
"","","","","","","",""
"","","","","","","",""
"","","","","","","",""
"","","","","","","",""
"","","","","","","",""
"","","","","","","",""
"","","","","","","",""
"","","","","","","",""
"","","","","","","",""
"","","","","","","",""
"","","","","","","",""
"","","","","","","",""
"","","","","","","",""
"","","","","","","",""
"","","","","","","",""
"","","","","","","",""
"","","","","","","",""
"","","","","","","",""
"","","","","","","",""
"","","","","","","",""
"","","","","","","",""
"","","","","","","",""
"","","","","","","",""
"","","","","","","",""
"","","","","","","",""
"","","","","","","",""
"","","","","","","",""
"","","","","","","",""
"","","","","","","",""
"","","","","","","",""
"","","","","","","",""
"","","","","","","",""
"","","","","","","",""
"","","","","","","",""
"","","","","","","",""
"","","","","","","",""
"","","","","","","",""
"","","","","","","",""
"","","","","","","",""
"","","","","","","",""
"","","","","","","",""
"","","","","","","",""
"","","","","","","",""
"","","","","","","",""
"","","","","","","",""
"","","","","","","",""
"","","","","","","",""
"","","","","","","",""
"","","","","","","",""
"","","","","","","",""
"","","","","","","",""
"","","","","","","",""
"","","","","","","",""
"","","","","","","",""
"","","","","","","",""
"","","","","","","",""
"","","","","","","",""
"","","","","","","",""
"","","","","","","",""
"","","","","","","",""
"","","","","","","",""
"","","","","","","",""
"","","","","","","",""
"","","","","","","",""
"","","","","","","",""
"","","","","","","",""
"","","","","","","",""
"","","","","","","",""
"","","","","","","",""
"","","","","","","",""
"","","","","","","",""
"","","","","","","",""
"","","","","","","",""
"","","","","","","",""
"","","","","","","",""
"","","","","","","",""
"","","","","","","",""
"","","","","","","",""
"","","","","","","",""
"","","","","","","",""
"","","","","","","",""
"","","","","","","",""
"","","","","","","",""
"","","","","","","",""
"","","","","","","",""
"","","","","","","",""
"","","","","","","",""
"","","","","","","",""
"","","","","","","",""
"","","","","","","",""
"","","","","","","",""
"","","","","","","",""
"","","","","","","",""
"","","","","","","",""
"","","","","","","",""
"","","","","","","",""
"","","","","","","",""
"","","","","","","",""
"","","","","","","",""
"","","","","","","",""
"","","","","","","",""
"","","","","","","",""
"","","","","","","",""
"","","","","","","",""
"","","","","","","",""
"","","","","","","",""
"","","","","","","",""
"","","","","","","",""
"","","","","","","",""
"","","","","","","",""
"","","","","","","",""
"","","","","","","",""
"","","","","","","",""
"","","","","","","",""
"","","","","","","",""
"","","","","","","",""
"","","","","","","",""
"","","","","","","",""
"","","","","","","",""
"","","","","","","",""
"","","","","","","",""
"","","","","","","",""
"","","","","","","",""
"","","","","","","",""
"","","","","","","",""
"","","","","","","",""
"","","","","","","",""
"","","","","","","",""
"","","","","","","",""
"","","","","","","",""
"","","","","","","",""
"","","","","","","",""
"","","","","","","",""
"","","","","","","",""
"","","","","","","",""
"","","","","","","",""
"","","","","","","",""
"","","","","","","",""
"","","","","","","",""
"","","","","","","",""
"","","","","","","",""
"","","","","","","",""
"","","","","","","",""
"","","","","","","",""
"","","","","","","",""
"","","","","","","",""
"","","","","","","",""
"","","","","","","",""
"","","","","","","",""
"","","","","","","",""
"","","","","","","",""
"","","","","","","",""
"","","","","","","",""
"","","","","","","",""
"","","","","","","",""
"","","","","","","",""
"","","","","","","",""
"","","","","","","",""
"","","","","","","",""
"","","","","","","",""
"","","","","","","",""
"","","","","","","",""
"","","","","","","",""
"","","","","","","",""
"","","","","","","",""
"","","","","","","",""
"","","","","","","",""
"","","","","","","",""
"","","","","","","",""
"","","","","","","",""
"","","","","","","",""
"","","","","","","",""
"","","","","","","",""
"","","","","","","",""
"","","","","","","",""
"","","","","","","",""
"","","","","","","",""
"","","","","","","",""
"","","","","","","",""
"","","","","","","",""
"","","","","","","",""
"","","","","","","",""
"","","","","","","",""
"","","","","","","",""
"","","","","","","",""
"","","","","","","",""
"","","","","","","",""
"","","","","","","",""
"","","","","","","",""
"","","","","","","",""
"","","","","","","",""
"","","","","","","",""
"","","","","","","",""
"","","","","","","",""
"","","","","","","",""
"","","","","","","",""
"","","","","","","",""
"","","","","","","",""
"","","","","","","",""
"","","","","","","",""
"","","","","","","",""
"","","","","","","",""
"","","","","","","",""
"","","","","","","",""
"","","","","","","",""
"","","","","","","",""
"","","","","","","",""
"","","","","","","",""
"","","","","","","",""
"","","","","","","",""
"","","","","","","",""
"","","","","","","",""
"","","","","","","",""
"","","","","","","",""
"","","","","","","",""
"","","","","","","",""
"","","","","","","",""
"","","","","","","",""
"","","","","","","",""
"","","","","","","",""
"","","","","","","",""
"","","","","","","",""
"","","","","","","",""
"","","","","","","",""
"","","","","","","",""
"","","","","","","",""
"","","","","","","",""
"","","","","","","",""
"","","","","","","",""
"","","","","","","",""
"","","","","","","",""
"","","","","","","",""
"","","","","","","",""
"","","","","","","",""
"","","","","","","",""
"","","","","","","",""
"","","","","","","",""
"","","","","","","",""
"","","","","","","",""
"","","","","","","",""
"","","","","","","",""
"","","","","","","",""
"","","","","","","",""
"","","","","","","",""
"","","","","","","",""
"","","","","","","",""
"","","","","","","",""
"","","","","","","",""
"","","","","","","",""
"","","","","","","",""
"","","","","","","",""
"","","","","","","",""
"","","","","","","",""
"","","","","","","",""
"","","","","","","",""
"","","","","","","",""
"","","","","","","",""
"","","","","","","",""
"","","","","","","",""
"","","","","","","",""
"","","","","","","",""
"","","","","","","",""
"","","","","","","",""
"","","","","","","",""
"","","","","","","",""
"","","","","","","",""
"","","","","","","",""
"","","","","","","",""
"","","","","","","",""
"","","","","","","",""
"","","","","","","",""
"","","","","","","",""
"","","","","","","",""
"","","","","","","",""
"","","","","","","",""
"","","","","","","",""
"","","","","","","",""
"","","","","","","",""
"","","","","","","",""
"","","","","","","",""
"","","","","","","",""
"","","","","","","",""
"","","","","","","",""
"","","","","","","",""
"","","","","","","",""
"","","","","","","",""
"","","","","","","",""
"","","","","","","",""
"","","","","","","",""
"","","","","","","",""
"","","","","","","",""
"","","","","","","",""
"","","","","","","",""
"","","","","","","",""
"","","","","","","",""
"","","","","","","",""
"","","","","","","",""
"","","","","","","",""
"","","","","","","",""
"","","","","","","",""
"","","","","","","",""
"","","","","","","",""
"","","","","","","",""
"","","","","","","",""
"","","","","","","",""
"","","","","","","",""
"","","","","","","",""
"","","","","","","",""
"","","","","","","",""
"","","","","","","",""
"","","","","","","",""
"","","","","","","",""
"","","","","","","",""
"","","","","","","",""
"","","","","","","",""
"","","","","","","",""
"","","","","","","",""
"","","","","","","",""
"","","","","","","",""
"","","","","","","",""
"","","","","","","",""
"","","","","","","",""
"","","","","","","",""
"","","","","","","",""
"","","","","","","",""
"","","","","","","",""
"","","","","","","",""
"","","","","","","",""
"","","","","","","",""
"","","","","","","",""
"","","","","","","",""
"","","","","","","",""
"","","","","","","",""
"","","","","","","",""
"","","","","","","",""
"","","","","","","",""
"","","","","","","",""
"","","","","","","",""
"","","","","","","",""
"","","","","","","",""
"","","","","","","",""
"","","","","","","",""
"","","","","","","",""
"","","","","","","",""
"","","","","","","",""
"","","","","","","",""
"","","","","","","",""
"","","","","","","",""
"","","","","","","",""
"","","","","","","",""
"","","","","","","",""
"","","","","","","",""
"","","","","","","",""
"","","","","","","",""
"","","","","","","",""
"","","","","","","",""
"","","","","","","",""
"","","","","","","",""
"","","","","","","",""
"","","","","","","",""
"","","","","","","",""
"","","","","","","",""
"","","","","","","",""
"","","","","","","",""
"","","","","","","",""
"","","","","","","",""
"","","","","","","",""
"","","","","","","",""
"","","","","","","",""
"","","","","","","",""
"","","","","","","",""
"","","","","","","",""
"","","","","","","",""
"","","","","","","",""
"","","","","","","",""
"","","","","","","",""
"","","","","","","",""
"","","","","","","",""
"","","","","","","",""
"","","","","","","",""
"","","","","","","",""
"","","","","","","",""
"","","","","","","",""
"","","","","","","",""
"","","","","","","",""
"","","","","","","",""
"","","","","","","",""
"","","","","","","",""
"","","","","","","",""
"","","","","","","",""
"","","","","","","",""
"","","","","","","",""
"","","","","","","",""
"","","","","","","",""
"","","","","","","",""
"","","","","","","",""
"","","","","","","",""
"","","","","","","",""
"","","","","","","",""
"","","","","","","",""
"","","","","","","",""
"","","","","","","",""
"","","","","","","",""
"","","","","","","",""
"","","","","","","",""
"","","","","","","",""
"","","","","","","",""
"","","","","","","",""
"","","","","","","",""
"","","","","","","",""
"","","","","","","",""
"","","","","","","",""
"","","","","","","",""
"","","","","","","",""
"","","","","","","",""
"","","","","","","",""
"","","","","","","",""
"","","","","","","",""
"","","","","","","",""
"","","","","","","",""
"","","","","","","",""
"","","","","","","",""
"","","","","","","",""
"","","","","","","",""
"","","","","","","",""
"","","","","","","",""
"","","","","","","",""
"","","","","","","",""
"","","","","","","",""
"","","","","","","",""
"","","","","","","",""
"","","","","","","",""
"","","","","","","",""
"","","","","","","",""
"","","","","","","",""
"","","","","","","",""
"","","","","","","",""
"","","","","","","",""
"","","","","","","",""
"","","","","","","",""
"","","","","","","",""
"","","","","","","",""
"","","","","","","",""
"","","","","","","",""
"","","","","","","",""
"","","","","","","",""
"","","","","","","",""
"","","","","","","",""
"","","","","","","",""
"","","","","","","",""
"","","","","","","",""
"","","","","","","",""
"","","","","","","",""
"","","","","","","",""
"","","","","","","",""
"","","","","","","",""
"","","","","","","",""
"","","","","","","",""
"","","","","","","",""
"","","","","","","",""
"","","","","","","",""
"","","","","","","",""
"","","","","","","",""
"","","","","","","",""
"","","","","","","",""
"","","","","","","",""
"","","","","","","",""
"","","","","","","",""
"","","","","","","",""
"","","","","","","",""
"","","","","","","",""
"","","","","","","",""
"","","","","","","",""
"","","","","","","",""
"","","","","","","",""
"","","","","","","",""
"","","","","","","",""
"","","","","","","",""
"","","","","","","",""
"","","","","","","",""
"","","","","","","",""
"","","","","","","",""
"","","","","","","",""
"","","","","","","",""
"","","","","","","",""
"","","","","","","",""
"","","","","","","",""
"","","","","","","",""
"","","","","","","",""
"","","","","","","",""
"","","","","","","",""
"","","","","","","",""
"","","","","","","",""
"","","","","","","",""
"","","","","","","",""
"","","","","","","",""
"","","","","","","",""
"","","","","","","",""
"","","","","","","",""
"","","","","","","",""
"","","","","","","",""
"","","","","","","",""
"","","","","","","",""
"","","","","","","",""
"","","","","","","",""
"","","","","","","",""
"","","","","","","",""
"","","","","","","",""
"","","","","","","",""
"","","","","","","",""
"","","","","","","",""
"","","","","","","",""
"","","","","","","",""
"","","","","","","",""
"","","","","","","",""
"","","","","","","",""
"","","","","","","",""
"","","","","","","",""
"","","","","","","",""
"","","","","","","",""
"","","","","","","",""
"","","","","","","",""
"","","","","","","",""
"","","","","","","",""
"","","","","","","",""
"","","","","","","",""
"","","","","","","",""
"","","","","","","",""
"","","","","","","",""
"","","","","","","",""
"","","","","","","",""
"","","","","","","",""
"","","","","","","",""
"","","","","","","",""
"","","","","","","",""
"","","","","","","",""
"","","","","","","",""
"","","","","","","",""
"","","","","","","",""
"","","","","","","",""
"","","","","","","",""
"","","","","","","",""
"","","","","","","",""
"","","","","","","",""
"","","","","","","",""
"","","","","","","",""
"","","","","","","",""
"","","","","","","",""
"","","","","","","",""
"","","","","","","",""
"","","","","","","",""
"","","","","","","",""
"","","","","","","",""
"","","","","","","",""
"","","","","","","",""
"","","","","","","",""
"","","","","","","",""
"","","","","","","",""
"","","","","","","",""
"","","","","","","",""
"","","","","","","",""
"","","","","","","",""
"","","","","","","",""
"","","","","","","",""
"","","","","","","",""
"","","","","","","",""
"","","","","","","",""
"","","","","","","",""
"","","","","","","",""
"","","","","","","",""
"","","","","","","",""
"","","","","","","",""
"","","","","","","",""
"","","","","","","",""
"","","","","","","",""
"","","","","","","",""
"","","","","","","",""
"","","","","","","",""
"","","","","","","",""
"","","","","","","",""
"","","","","","","",""
"","","","","","","",""
"","","","","","","",""
"","","","","","","",""
"","","","","","","",""
"","","","","","","",""
"","","","","","","",""
"","","","","","","",""
"","","","","","","",""
"","","","","","","",""
"","","","","","","",""
"","","","","","","",""
"","","","","","","",""
"","","","","","","",""
"","","","","","","",""
"","","","","","","",""
"","","","","","","",""
"","","","","","","",""
"","","","","","","",""
"","","","","","","",""
"","","","","","","",""
"","","","","","","",""
"","","","","","","",""
"","","","","","","",""
"","","","","","","",""
"","","","","","","",""
"","","","","","","",""
"","","","","","","",""
"","","","","","","",""
"","","","","","","",""
"","","","","","","",""
"","","","","","","",""
"","","","","","","",""
"","","","","","","",""
"","","","","","","",""
"","","","","","","",""
"","","","","","","",""
"","","","","","","",""
"","","","","","","",""
"","","","","","","",""
"","","","","","","",""
"","","","","","","",""
"","","","","","","",""
"","","","","","","",""
"","","","","","","",""
"","","","","","","",""
"","","","","","","",""
"","","","","","","",""
"","","","","","","",""
"","","","","","","",""
"","","","","","","",""
"","","","","","","",""
"","","","","","","",""
"","","","","","","",""
"","","","","","","",""
"","","","","","","",""
"","","","","","","",""
"","","","","","","",""
"","","","","","","",""
"","","","","","","",""
"","","","","","","",""
"","","","","","","",""
"","","","","","","",""
"","","","","","","",""
"","","","","","","",""
"","","","","","","",""
"","","","","","","",""
"","","","","","","",""
"","","","","","","",""
"","","","","","","",""
"","","","","","","",""
"","","","","","","",""
"","","","","","","",""
"","","","","","","",""
"","","","","","","",""
"","","","","","","",""
"","","","","","","",""
"","","","","","","",""
"","","","","","","",""
"","","","","","","",""
"","","","","","","",""
"","","","","","","",""
"","","","","","","",""
"","","","","","","",""
"","","","","","","",""
"","","","","","","",""
"","","","","","","",""
"","","","","","","",""
"","","","","","","",""
"","","","","","","",""
"","","","","","","",""
"","","","","","","",""
"","","","","","","",""
"","","","","","","",""
"","","","","","","",""
"","","","","","","",""
"","","","","","","",""
"","","","","","","",""
"","","","","","","",""
"","","","","","","",""
"","","","","","","",""
"","","","","","","",""
"","","","","","","",""
"","","","","","","",""
"","","","","","","",""
"","","","","","","",""
"","","","","","","",""
"","","","","","","",""
"","","","","","","",""
"","","","","","","",""
"","","","","","","",""
"","","","","","","",""
"","","","","","","",""
"","","","","","","",""
"","","","","","","",""
"","","","","","","",""
"","","","","","","",""
"","","","","","","",""
"","","","","","","",""
"","","","","","","",""
"","","","","","","",""
"","","","","","","",""
"","","","","","","",""
"","","","","","","",""
"","","","","","","",""
"","","","","","","",""
"","","","","","","",""
"","","","","","","",""
"","","","","","","",""
"","","","","","","",""
"","","","","","","",""
"","","","","","","",""
"","","","","","","",""
"","","","","","","",""
"","","","","","","",""
"","","","","","","",""
"","","","","","","",""
"","","","","","","",""
"","","","","","","",""
"","","","","","","",""
"","","","","","","",""
"","","","","","","",""
"","","","","","","",""
"","","","","","","",""
"","","","","","","",""
"","","","","","","",""
"","","","","","","",""
"","","","","","","",""
"","","","","","","",""
"","","","","","","",""
"","","","","","","",""
"","","","","","","",""
"","","","","","","",""
"","","","","","","",""
"","","","","","","",""
"","","","","","","",""
"","","","","","","",""
"","","","","","","",""
"","","","","","","",""
"","","","","","","",""
"","","","","","","",""
"","","","","","","",""
"","","","","","","",""
"","","","","","","",""
"","","","","","","",""
"","","","","","","",""
"","","","","","","",""
"","","","","","","",""
"","","","","","","",""
"","","","","","","",""
"","","","","","","",""
"","","","","","","",""
"","","","","","","",""
"","","","","","","",""
"","","","","","","",""
"","","","","","","",""
"","","","","","","",""
"","","","","","","",""
"","","","","","","",""
"","","","","","","",""
"","","","","","","",""
"","","","","","","",""
"","","","","","","",""
"","","","","","","",""
"","","","","","","",""
"","","","","","","",""
"","","","","","","",""
"","","","","","","",""
"","","","","","","",""
"","","","","","","",""
"","","","","","","",""
"","","","","","","",""
"","","","","","","",""
"","","","","","","",""
"","","","","","","",""
"","","","","","","",""
"","","","","","","",""
"","","","","","","",""
"","","","","","","",""
"","","","","","","",""
"","","","","","","",""
"","","","","","","",""
"","","","","","","",""
"","","","","","","",""
"","","","","","","",""
"","","","","","","",""
"","","","","","","",""
"","","","","","","",""
"","","","","","","",""
"","","","","","","",""
"","","","","","","",""
"","","","","","","",""
"","","","","","","",""
"","","","","","","",""
"","","","","","","",""
"","","","","","","",""
"","","","","","","",""
"","","","","","","",""
"","","","","","","",""
"","","","","","","",""
"","","","","","","",""
"","","","","","","",""
"","","","","","","",""
"","","","","","","",""
"","","","","","","",""
"","","","","","","",""
"","","","","","","",""
"","","","","","","",""
"","","","","","","",""
"","","","","","","",""
"","","","","","","",""
"","","","","","","",""
"","","","","","","",""
"","","","","","","",""
"","","","","","","",""
"","","","","","","",""
"","","","","","","",""
"","","","","","","",""
"","","","","","","",""
"","","","","","","",""
"","","","","","","",""
"","","","","","","",""
"","","","","","","",""
"","","","","","","",""
"","","","","","","",""
"","","","","","","",""
"","","","","","","",""
"","","","","","","",""
"","","","","","","",""
"","","","","","","",""
"","","","","","","",""
"","","","","","","",""
"","","","","","","",""
"","","","","","","",""
"","","","","","","",""
"","","","","","","",""
"","","","","","","",""
"","","","","","","",""
"","","","","","","",""
"","","","","","","",""
"","","","","","","",""
"","","","","","","",""
"","","","","","","",""
"","","","","","","",""
"","","","","","","",""
"","","","","","","",""
"","","","","","","",""
"","","","","","","",""
"","","","","","","",""
"","","","","","","",""
"","","","","","","",""
"","","","","","","",""
"","","","","","","",""
"","","","","","","",""
"","","","","","","",""
"","","","","","","",""
"","","","","","","",""
"","","","","","","",""
"","","","","","","",""
"","","","","","","",""
"","","","","","","",""
"","","","","","","",""
"","","","","","","",""
"","","","","","","",""
"","","","","","","",""
"","","","","","","",""
"","","","","","","",""
"","","","","","","",""
"","","","","","","",""
"","","","","","","",""
"","","","","","","",""
"","","","","","","",""
"","","","","","","",""
"","","","","","","",""
"","","","","","","",""
"","","","","","","",""
"","","","","","","",""
"","","","","","","",""
"","","","","","","",""
"","","","","","","",""
"","","","","","","",""
"","","","","","","",""
"","","","","","","",""
"","","","","","","",""
"","","","","","","",""
"","","","","","","",""
"","","","","","","",""
"","","","","","","",""
"","","","","","","",""
"","","","","","","",""
"","","","","","","",""
"","","","","","","",""
"","","","","","","",""
"","","","","","","",""
"","","","","","","",""
"","","","","","","",""
"","","","","","","",""
"","","","","","","",""
"","","","","","","",""
"","","","","","","",""
"","","","","","","",""
"","","","","","","",""
"","","","","","","",""
"","","","","","","",""
"","","","","","","",""
"","","","","","","",""
"","","","","","","",""
"","","","","","","",""
"","","","","","","",""
"","","","","","","",""
"","","","","","","",""
"","","","","","","",""
"","","","","","","",""
"","","","","","","",""
"","","","","","","",""
"","","","","","","",""
"","","","","","","",""
"","","","","","","",""
"","","","","","","",""
"","","","","","","",""
"","","","","","","",""
"","","","","","","",""
"","","","","","","",""
"","","","","","","",""
"","","","","","","",""
"","","","","","","",""
"","","","","","","",""
"","","","","","","",""
"","","","","","","",""
"","","","","","","",""
"","","","","","","",""
"","","","","","","",""
"","","","","","","",""
"","","","","","","",""
"","","","","","","",""
"","","","","","","",""
"","","","","","","",""
"","","","","","","",""
"","","","","","","",""
"","","","","","","",""
"","","","","","","",""
"","","","","","","",""
"","","","","","","",""
"","","","","","","",""
"","","","","","","",""
"","","","","","","",""
"","","","","","","",""
"","","","","","","",""
"","","","","","","",""
"","","","","","","",""
"","","","","","","",""
"","","","","","","",""
"","","","","","","",""
"","","","","","","",""
"","","","","","","",""
"","","","","","","",""
"","","","","","","",""
"","","","","","","",""
"","","","","","","",""
"","","","","","","",""
"","","","","","","",""
"","","","","","","",""
"","","","","","","",""
"","","","","","","",""
"","","","","","","",""
"","","","","","","",""
"","","","","","","",""
"","","","","","","",""
"","","","","","","",""
"","","","","","","",""
"","","","","","","",""
"","","","","","","",""
"","","","","","","",""
"","","","","","","",""
"","","","","","","",""
"","","","","","","",""
"","","","","","","",""
"","","","","","","",""
"","","","","","","",""
"","","","","","","",""
"","","","","","","",""
"","","","","","","",""
"","","","","","","",""
"","","","","","","",""
"","","","","","","",""
"","","","","","","",""
"","","","","","","",""
"","","","","","","",""
"","","","","","","",""
"","","","","","","",""
"","","","","","","",""
"","","","","","","",""
"","","","","","","",""
"","","","","","","",""
"","","","","","","",""
"","","","","","","",""
"","","","","","","",""
"","","","","","","",""
"","","","","","","",""
"","","","","","","",""
"","","","","","","",""
"","","","","","","",""
"","","","","","","",""
"","","","","","","",""
"","","","","","","",""
"","","","","","","",""
"","","","","","","",""
"","","","","","","",""
"","","","","","","",""
"","","","","","","",""
"","","","","","","",""
"","","","","","","",""
"","","","","","","",""
"","","","","","","",""
"","","","","","","",""
"","","","","","","",""
"","","","","","","",""
"","","","","","","",""
"","","","","","","",""
"","","","","","","",""
"","","","","","","",""
"","","","","","","",""
"","","","","","","",""
"","","","","","","",""
"","","","","","","",""
"","","","","","","",""
"","","","","","","",""
"","","","","","","",""
"","","","","","","",""
"","","","","","","",""
"","","","","","","",""
"","","","","","","",""
"","","","","","","",""
"","","","","","","",""
"","","","","","","",""
"","","","","","","",""
"","","","","","","",""
"","","","","","","",""
"","","","","","","",""
"","","","","","","",""
"","","","","","","",""
"","","","","","","",""
"","","","","","","",""
"","","","","","","",""
"","","","","","","",""
"","","","","","","",""
"","","","","","","",""
"","","","","","","",""
"","","","","","","",""
"","","","","","","",""
"","","","","","","",""
"","","","","","","",""
"","","","","","","",""
"","","","","","","",""
"","","","","","","",""
"","","","","","","",""
"","","","","","","",""
"","","","","","","",""
"","","","","","","",""
"","","","","","","",""
"","","","","","","",""
"","","","","","","",""
"","","","","","","",""
"","","","","","","",""
"","","","","","","",""
"","","","","","","",""
"","","","","","","",""
"","","","","","","",""
"","","","","","","",""
"","","","","","","",""
"","","","","","","",""
"","","","","","","",""
"","","","","","","",""
"","","","","","","",""
"","","","","","","",""
"","","","","","","",""
"","","","","","","",""
"","","","","","","",""
"","","","","","","",""
"","","","","","","",""
"","","","","","","",""
"","","","","","","",""
"","","","","","","",""
"","","","","","","",""
"","","","","","","",""
"","","","","","","",""
"","","","","","","",""
"","","","","","","",""
"","","","","","","",""
"","","","","","","",""
"","","","","","","",""
"","","","","","","",""
"","","","","","","",""
"","","","","","","",""
"","","","","","","",""
"","","","","","","",""
"","","","","","","",""
"","","","","","","",""
"","","","","","","",""
"","","","","","","",""
"","","","","","","",""
"","","","","","","",""
"","","","","","","",""
"","","","","","","",""
"","","","","","","",""
"","","","","","","",""
"","","","","","","",""
"","","","","","","",""
"","","","","","","",""
"","","","","","","",""
"","","","","","","",""
"","","","","","","",""
"","","","","","","",""
"","","","","","","",""
"","","","","","","",""
"","","","","","","",""
"","","","","","","",""
"","","","","","","",""
"","","","","","","",""
"","","","","","","",""
"","","","","","","",""
"","","","","","","",""
"","","","","","","",""
"","","","","","","",""
"","","","","","","",""
"","","","","","","",""
"","","","","","","",""
"","","","","","","",""
"","","","","","","",""
"","","","","","","",""
"","","","","","","",""
"","","","","","","",""
"","","","","","","",""
"","","","","","","",""
"","","","","","","",""
"","","","","","","",""
"","","","","","","",""
"","","","","","","",""
"","","","","","","",""
"","","","","","","",""
"","","","","","","",""
"","","","","","","",""
"","","","","","","",""
"","","","","","","",""
"","","","","","","",""
"","","","","","","",""
"","","","","","","",""
"","","","","","","",""
"","","","","","","",""
"","","","","","","",""
"","","","","","","",""
"","","","","","","",""
"","","","","","","",""
"","","","","","","",""
"","","","","","","",""
"","","","","","","",""
"","","","","","","",""
"","","","","","","",""
"","","","","","","",""
"","","","","","","",""
"","","","","","","",""
"","","","","","","",""
"","","","","","","",""
"","","","","","","",""
"","","","","","","",""
"","","","","","","",""
"","","","","","","",""
"","","","","","","",""
"","","","","","","",""
"","","","","","","",""
"","","","","","","",""
"","","","","","","",""
"","","","","","","",""
"","","","","","","",""
"","","","","","","",""
"","","","","","","",""
"","","","","","","",""
"","","","","","","",""
"","","","","","","",""
"","","","","","","",""
"","","","","","","",""
"","","","","","","",""
"","","","","","","",""
"","","","","","","",""
"","","","","","","",""
"","","","","","","",""
"","","","","","","",""
"","","","","","","",""
"","","","","","","",""
"","","","","","","",""
"","","","","","","",""
"","","","","","","",""
"","","","","","","",""
"","","","","","","",""
"","","","","","","",""
"","","","","","","",""
"","","","","","","",""
"","","","","","","",""
"","","","","","","",""
"","","","","","","",""
"","","","","","","",""
"","","","","","","",""
"","","","","","","",""
"","","","","","","",""
"","","","","","","",""
"","","","","","","",""
"","","","","","","",""
"","","","","","","",""
"","","","","","","",""
"","","","","","","",""
"","","","","","","",""
"","","","","","","",""
"","","","","","","",""
"","","","","","","",""
"","","","","","","",""
"","","","","","","",""
"","","","","","","",""
"","","","","","","",""
"","","","","","","",""
"","","","","","","",""
"","","","","","","",""
"","","","","","","",""
"","","","","","","",""
"","","","","","","",""
"","","","","","","",""
"","","","","","","",""
"","","","","","","",""
"","","","","","","",""
"","","","","","","",""
"","","","","","","",""
"","","","","","","",""
"","","","","","","",""
"","","","","","","",""
"","","","","","","",""
"","","","","","","",""
"","","","","","","",""
"","","","","","","",""
"","","","","","","",""
"","","","","","","",""
"","","","","","","",""
"","","","","","","",""
"","","","","","","",""
"","","","","","","",""
"","","","","","","",""
"","","","","","","",""
"","","","","","","",""
"","","","","","","",""
"","","","","","","",""
"","","","","","","",""
"","","","","","","",""
"","","","","","","",""
"","","","","","","",""
"","","","","","","",""
"","","","","","","",""
"","","","","","","",""
"","","","","","","",""
"","","","","","","",""
"","","","","","","",""
"","","","","","","",""
"","","","","","","",""
"","","","","","","",""
"","","","","","","",""
"","","","","","","",""
"","","","","","","",""
"","","","","","","",""
"","","","","","","",""
"","","","","","","",""
"","","","","","","",""
"","","","","","","",""
"","","","","","","",""
"","","","","","","",""
"","","","","","","",""
"","","","","","","",""
"","","","","","","",""
"","","","","","","",""
"","","","","","","",""
"","","","","","","",""
"","","","","","","",""
"","","","","","","",""
"","","","","","","",""
"","","","","","","",""
"","","","","","","",""
"","","","","","","",""
"","","","","","","",""
"","","","","","","",""
"","","","","","","",""
"","","","","","","",""
"","","","","","","",""
"","","","","","","",""
"","","","","","","",""
"","","","","","","",""
"","","","","","","",""
"","","","","","","",""
"","","","","","","",""
"","","","","","","",""
"","","","","","","",""
"","","","","","","",""
"","","","","","","",""
"","","","","","","",""
"","","","","","","",""
"","","","","","","",""
"","","","","","","",""
"","","","","","","",""
"","","","","","","",""
"","","","","","","",""
"","","","","","","",""
"","","","","","","",""
"","","","","","","",""
"","","","","","","",""
"","","","","","","",""
"","","","","","","",""
"","","","","","","",""
"","","","","","","",""
"","","","","","","",""
"","","","","","","",""
"","","","","","","",""
"","","","","","","",""
"","","","","","","",""
"","","","","","","",""
"","","","","","","",""
"","","","","","","",""
"","","","","","","",""
"","","","","","","",""
"","","","","","","",""
"","","","","","","",""
"","","","","","","",""
"","","","","","","",""
"","","","","","","",""
"","","","","","","",""
"","","","","","","",""
"","","","","","","",""
"","","","","","","",""
"","","","","","","",""
"","","","","","","",""
"","","","","","","",""
"","","","","","","",""
"","","","","","","",""
"","","","","","","",""
"","","","","","","",""
"","","","","","","",""
"","","","","","","",""
"","","","","","","",""
"","","","","","","",""
"","","","","","","",""
"","","","","","","",""
"","","","","","","",""
"","","","","","","",""
"","","","","","","",""
"","","","","","","",""
"","","","","","","",""
"","","","","","","",""
"","","","","","","",""
"","","","","","","",""
"","","","","","","",""
"","","","","","","",""
"","","","","","","",""
"","","","","","","",""
"","","","","","","",""
"","","","","","","",""
"","","","","","","",""
"","","","","","","",""
"","","","","","","",""
"","","","","","","",""
"","","","","","","",""
"","","","","","","",""
"","","","","","","",""
"","","","","","","",""
"","","","","","","",""
"","","","","","","",""
"","","","","","","",""
"","","","","","","",""
"","","","","","","",""
"","","","","","","",""
"","","","","","","",""
"","","","","","","",""
"","","","","","","",""
"","","","","","","",""
"","","","","","","",""
"","","","","","","",""
"","","","","","","",""
"","","","","","","",""
"","","","","","","",""
"","","","","","","",""
"","","","","","","",""
"","","","","","","",""
"","","","","","","",""
"","","","","","","",""
"","","","","","","",""
"","","","","","","",""
"","","","","","","",""
"","","","","","","",""
"","","","","","","",""
"","","","","","","",""
"","","","","","","",""
"","","","","","","",""
"","","","","","","",""
"","","","","","","",""
"","","","","","","",""
"","","","","","","",""
"","","","","","","",""
"","","","","","","",""
"","","","","","","",""
"","","","","","","",""
"","","","","","","",""
"","","","","","","",""
